31ce97,::1,GET,http://localhost/silex2/web/user/login,1453911117,,200
822ff6,::1,GET,http://localhost/silex2/web/user/login,1453911119,,200
8019a5,::1,GET,http://localhost/silex2/web/user/list,1453911120,,200
05aefe,::1,GET,http://localhost/silex2/web/user/list,1453911171,,200
978ce5,::1,GET,http://localhost/silex2/web/user/list,1453911173,,200
732f7a,::1,GET,http://localhost/silex2/web/,1453911181,,200
5ef9ed,::1,GET,http://localhost/silex2/web/,1453911187,,200
b64faa,::1,GET,http://localhost/silex2/web/,1453911187,,200
f43015,::1,GET,http://localhost/silex2/web/,1453911188,,200
7d8a68,::1,GET,http://localhost/silex2/web/,1453911189,,200
5139f3,::1,GET,http://localhost/silex2/web/user/list,1453911189,,200
a136ce,::1,GET,http://localhost/silex2/web/user/register,1453911189,,200
490c8c,::1,GET,http://localhost/silex2/web/user/login,1453911189,,200
09b4ec,::1,GET,http://localhost/silex2/web/,1453911189,,200
0a8961,::1,GET,http://localhost/silex2/web/,1453911190,,200
1dd3c9,::1,GET,http://localhost/silex2/web/,1453911191,,200
5f0c9b,::1,GET,http://localhost/silex2/web/,1453911478,,200
94b2d9,::1,GET,http://localhost/silex2/web/user/login,1453911480,,200
11cd94,::1,POST,http://localhost/silex2/web/user/login_check,1453911481,,302
79f2b0,::1,GET,http://localhost/silex2/web/,1453911482,,200
